<?xml version="1.0" encoding="UTF-8"?>
<beans xmlns="http://www.springframework.org/schema/beans"
	xmlns:xsi="http://www.w3.org/2001/XMLSchema-instance"
	xmlns:context="http://www.springframework.org/schema/context"
	xsi:schemaLocation="
        http://www.springframework.org/schema/beans http://www.springframework.org/schema/beans/spring-beans.xsd
        http://www.springframework.org/schema/context http://www.springframework.org/schema/context/spring-context.xsd">

	<!-- bean definitions here -->

	<bean id="ds"
		class="org.springframework.jdbc.datasource.DriverManagerDataSource">
		<constructor-arg
			value="jdbc:mysql://localhost:3306/SpringJdbc" />
		<constructor-arg value="root" />
		<constructor-arg value="usman@dbms@sql" />
	</bean>

	<bean id="jdbcTemp"
		class="org.springframework.jdbc.core.JdbcTemplate">
		<constructor-arg ref="ds" />
	</bean>

	<bean id="EmployeeServiceImpl"
		class="studentService.DAO.EmployeeServiceImpl">
		<constructor-arg ref="jdbcTemp" />
	</bean>

</beans>